accuracy,f1,roc_auc,precision,recall,FNR,FPR
0.6989821458368096,0.5192410190811214,0.7321353315268522,0.42837041597045117,0.6590447841969963,0.34095521580300364,0.2879418800389829
